,id,denial_constraint,succinctness,coverage,deegre of approximation,interestingness
0,0,"['¬((t0.""PhoneNumber"" ""LESS"" t1.""PhoneNumber"" ^ (t0.""ZIPCode"" ""EQUAL"" t1.""ZIPCode"") ^ (t0.""HospitalType"" ""EQUAL"" t1.""HospitalType"") ^ (t0.""EmergencyService"" ""UNEQUAL"" t1.""EmergencyService""))']",0.4444444444444444,0.6249999999999999,0.0,0.44462499999999994
1,2,"['¬((t0.""HospitalOwner"" ""EQUAL"" t1.""HospitalOwner"" ^ (t0.""City"" ""EQUAL"" t1.""City"") ^ (t0.""StateAvg"" ""EQUAL"" t1.""StateAvg""))']",0.6666666666666666,0.3851851851851852,0.0,0.6663851851851851
2,3,"['¬((t0.""HospitalType"" ""EQUAL"" t1.""HospitalType"" ^ (t0.""CountyName"" ""EQUAL"" t1.""CountyName"") ^ (t0.""State"" ""UNEQUAL"" t1.""State"") ^ (t0.""MeasureCode"" ""EQUAL"" t1.""MeasureCode""))']",0.5,0.6222222222222222,0.0,0.5001222222222222
3,4,"['¬((t0.""State"" ""EQUAL"" t1.""State"" ^ (t0.""StateAvg"" ""UNEQUAL"" t1.""StateAvg"") ^ (t0.""MeasureCode"" ""EQUAL"" t1.""MeasureCode""))']",0.5714285714285714,0.725925925925926,0.0,0.5715830687830687
4,6,"['¬((t0.""ZIPCode"" ""EQUAL"" t1.""ZIPCode"" ^ (t0.""ProviderNumber"" ""UNEQUAL"" t1.""ProviderNumber"") ^ (t0.""HospitalName"" ""EQUAL"" t1.""HospitalName""))']",0.5714285714285714,0.674074074074074,0.0,0.5715312169312169
5,9,"['¬((t0.""ZIPCode"" ""EQUAL"" t1.""ZIPCode"" ^ (t0.""HospitalType"" ""EQUAL"" t1.""HospitalType"") ^ (t0.""MeasureName"" ""EQUAL"" t1.""MeasureName"") ^ (t0.""EmergencyService"" ""UNEQUAL"" t1.""EmergencyService""))']",0.5,0.5055555555555555,0.0,0.5000055555555556
6,10,"['¬((t0.""ZIPCode"" ""EQUAL"" t1.""ZIPCode"" ^ (t0.""MeasureName"" ""EQUAL"" t1.""MeasureName"") ^ (t0.""HospitalType"" ""UNEQUAL"" t1.""HospitalType"") ^ (t0.""EmergencyService"" ""EQUAL"" t1.""EmergencyService""))']",0.5,0.5166666666666666,0.0,0.5000166666666667
7,11,"['¬((t0.""City"" ""EQUAL"" t1.""City"" ^ (t0.""State"" ""UNEQUAL"" t1.""State"") ^ (t0.""MeasureCode"" ""EQUAL"" t1.""MeasureCode""))']",0.5714285714285714,0.6222222222222223,0.0,0.571479365079365
8,13,"['¬((t0.""PhoneNumber"" ""UNEQUAL"" t1.""PhoneNumber"" ^ (t0.""CountyName"" ""EQUAL"" t1.""CountyName"") ^ (t0.""HospitalName"" ""EQUAL"" t1.""HospitalName""))']",0.5714285714285714,0.674074074074074,0.0,0.5715312169312169
9,14,"['¬((t0.""CountyName"" ""UNEQUAL"" t1.""CountyName"") ^ (t0.""PhoneNumber"" ""EQUAL"" t1.""PhoneNumber""))']",0.6666666666666666,0.9888888888888889,0.0,0.6669888888888889
10,15,"['¬((t0.""ZIPCode"" ""EQUAL"" t1.""ZIPCode"" ^ (t0.""StateAvg"" ""UNEQUAL"" t1.""StateAvg"") ^ (t0.""MeasureCode"" ""EQUAL"" t1.""MeasureCode""))']",0.5714285714285714,0.674074074074074,0.0,0.5715312169312169
11,16,"['¬((t0.""HospitalOwner"" ""EQUAL"" t1.""HospitalOwner"" ^ (t0.""MeasureName"" ""EQUAL"" t1.""MeasureName"") ^ (t0.""CountyName"" ""EQUAL"" t1.""CountyName"") ^ (t0.""Sample"" ""EQUAL"" t1.""Sample""))']",0.5714285714285714,0.2888888888888889,0.0,0.5711460317460317
12,17,"['¬((t0.""HospitalOwner"" ""EQUAL"" t1.""HospitalOwner"" ^ (t0.""CountyName"" ""EQUAL"" t1.""CountyName"") ^ (t0.""Sample"" ""EQUAL"" t1.""Sample"") ^ (t0.""EmergencyService"" ""UNEQUAL"" t1.""EmergencyService""))']",0.5,0.37222222222222223,0.0,0.4998722222222222
13,23,"['¬((t0.""ZIPCode"" ""EQUAL"" t1.""ZIPCode"" ^ (t0.""HospitalType"" ""EQUAL"" t1.""HospitalType"") ^ (t0.""ProviderNumber"" ""LESS_EQUAL"" t1.""ProviderNumber"") ^ (t0.""EmergencyService"" ""UNEQUAL"" t1.""EmergencyService""))']",0.4444444444444444,0.6249999999999999,0.0,0.44462499999999994
14,24,"['¬((t0.""HospitalOwner"" ""EQUAL"" t1.""HospitalOwner"" ^ (t0.""ZIPCode"" ""GREATER"" t1.""ZIPCode"") ^ (t0.""City"" ""EQUAL"" t1.""City"") ^ (t0.""HospitalType"" ""UNEQUAL"" t1.""HospitalType""))']",0.4444444444444444,0.5,0.0,0.44449999999999995
15,25,"['¬((t0.""ZIPCode"" ""EQUAL"" t1.""ZIPCode"" ^ (t0.""MeasureName"" ""EQUAL"" t1.""MeasureName"") ^ (t0.""HospitalType"" ""UNEQUAL"" t1.""HospitalType"") ^ (t0.""ProviderNumber"" ""LESS_EQUAL"" t1.""ProviderNumber""))']",0.4444444444444444,0.4805555555555555,0.0,0.4444805555555555
16,27,"['¬((t0.""CountyName"" ""UNEQUAL"" t1.""CountyName"" ^ (t0.""ZIPCode"" ""LESS_EQUAL"" t1.""ZIPCode"") ^ (t0.""HospitalName"" ""EQUAL"" t1.""HospitalName"") ^ (t0.""ProviderNumber"" ""LESS_EQUAL"" t1.""ProviderNumber""))']",0.4444444444444444,0.7472222222222222,0.0,0.4447472222222222
17,29,"['¬((t0.""CountyName"" ""UNEQUAL"" t1.""CountyName"" ^ (t0.""City"" ""EQUAL"" t1.""City"") ^ (t0.""HospitalName"" ""EQUAL"" t1.""HospitalName""))']",0.5714285714285714,0.6666666666666667,0.0,0.5715238095238095
18,30,"['¬((t0.""City"" ""UNEQUAL"" t1.""City"" ^ (t0.""CountyName"" ""EQUAL"" t1.""CountyName"") ^ (t0.""HospitalName"" ""EQUAL"" t1.""HospitalName""))']",0.5714285714285714,0.6666666666666667,0.0,0.5715238095238095
19,31,"['¬((t0.""HospitalOwner"" ""EQUAL"" t1.""HospitalOwner"" ^ (t0.""CountyName"" ""EQUAL"" t1.""CountyName"") ^ (t0.""State"" ""UNEQUAL"" t1.""State""))']",0.5714285714285714,0.6518518518518518,0.0,0.5715089947089947
20,34,"['¬((t0.""PhoneNumber"" ""LESS_EQUAL"" t1.""PhoneNumber"" ^ (t0.""CountyName"" ""EQUAL"" t1.""CountyName"") ^ (t0.""ZIPCode"" ""GREATER_EQUAL"" t1.""ZIPCode"") ^ (t0.""State"" ""UNEQUAL"" t1.""State""))']",0.4,0.7138888888888888,0.0,0.4003138888888889
21,35,"['¬((t0.""City"" ""UNEQUAL"" t1.""City"" ^ (t0.""HospitalName"" ""EQUAL"" t1.""HospitalName"") ^ (t0.""ProviderNumber"" ""LESS_EQUAL"" t1.""ProviderNumber"") ^ (t0.""Condition"" ""EQUAL"" t1.""Condition""))']",0.4444444444444444,0.6694444444444444,0.0,0.4446694444444444
22,36,"['¬((t0.""City"" ""EQUAL"" t1.""City"" ^ (t0.""ProviderNumber"" ""LESS"" t1.""ProviderNumber"") ^ (t0.""Sample"" ""EQUAL"" t1.""Sample"") ^ (t0.""Condition"" ""EQUAL"" t1.""Condition""))']",0.5,0.4305555555555555,0.0,0.49993055555555554
23,38,"['¬((t0.""HospitalOwner"" ""EQUAL"" t1.""HospitalOwner"" ^ (t0.""MeasureName"" ""EQUAL"" t1.""MeasureName"") ^ (t0.""CountyName"" ""EQUAL"" t1.""CountyName"") ^ (t0.""EmergencyService"" ""UNEQUAL"" t1.""EmergencyService""))']",0.5,0.37777777777777777,0.0,0.49987777777777775
24,40,"['¬((t0.""HospitalOwner"" ""EQUAL"" t1.""HospitalOwner"" ^ (t0.""MeasureName"" ""EQUAL"" t1.""MeasureName"") ^ (t0.""PhoneNumber"" ""LESS_EQUAL"" t1.""PhoneNumber"") ^ (t0.""City"" ""EQUAL"" t1.""City""))']",0.5,0.4138888888888889,0.0,0.4999138888888889
25,41,"['¬((t0.""ZIPCode"" ""EQUAL"" t1.""ZIPCode"" ^ (t0.""HospitalType"" ""EQUAL"" t1.""HospitalType"") ^ (t0.""Sample"" ""EQUAL"" t1.""Sample"") ^ (t0.""EmergencyService"" ""UNEQUAL"" t1.""EmergencyService""))']",0.5,0.5,0.0,0.5
26,42,"['¬((t0.""ZIPCode"" ""EQUAL"" t1.""ZIPCode"" ^ (t0.""HospitalType"" ""UNEQUAL"" t1.""HospitalType"") ^ (t0.""Sample"" ""EQUAL"" t1.""Sample"") ^ (t0.""EmergencyService"" ""EQUAL"" t1.""EmergencyService""))']",0.5,0.5111111111111111,0.0,0.5000111111111111
27,43,"['¬((t0.""HospitalOwner"" ""EQUAL"" t1.""HospitalOwner"" ^ (t0.""City"" ""EQUAL"" t1.""City"") ^ (t0.""Sample"" ""EQUAL"" t1.""Sample"") ^ (t0.""ZIPCode"" ""UNEQUAL"" t1.""ZIPCode""))']",0.5,0.5277777777777777,0.0,0.5000277777777777
28,44,"['¬((t0.""HospitalType"" ""EQUAL"" t1.""HospitalType"" ^ (t0.""MeasureName"" ""EQUAL"" t1.""MeasureName"") ^ (t0.""CountyName"" ""EQUAL"" t1.""CountyName"") ^ (t0.""State"" ""UNEQUAL"" t1.""State""))']",0.5,0.6222222222222222,0.0,0.5001222222222222
29,45,"['¬((t0.""City"" ""UNEQUAL"" t1.""City"" ^ (t0.""HospitalName"" ""EQUAL"" t1.""HospitalName"") ^ (t0.""ProviderNumber"" ""LESS_EQUAL"" t1.""ProviderNumber"") ^ (t0.""PhoneNumber"" ""GREATER_EQUAL"" t1.""PhoneNumber""))']",0.4,0.7444444444444445,0.0,0.40034444444444445
30,46,"['¬((t0.""MeasureName"" ""UNEQUAL"" t1.""MeasureName"") ^ (t0.""MeasureCode"" ""EQUAL"" t1.""MeasureCode""))']",0.6666666666666666,1.0,0.0,0.6669999999999999
31,47,"['¬((t0.""MeasureCode"" ""UNEQUAL"" t1.""MeasureCode"") ^ (t0.""MeasureName"" ""EQUAL"" t1.""MeasureName""))']",0.6666666666666666,1.0,0.0,0.6669999999999999
32,50,"['¬((t0.""HospitalOwner"" ""EQUAL"" t1.""HospitalOwner"" ^ (t0.""City"" ""UNEQUAL"" t1.""City"") ^ (t0.""CountyName"" ""EQUAL"" t1.""CountyName"") ^ (t0.""HospitalType"" ""UNEQUAL"" t1.""HospitalType""))']",0.5,0.6222222222222222,0.0,0.5001222222222222
33,53,"['¬((t0.""CountyName"" ""UNEQUAL"" t1.""CountyName"" ^ (t0.""HospitalName"" ""EQUAL"" t1.""HospitalName"") ^ (t0.""ProviderNumber"" ""LESS_EQUAL"" t1.""ProviderNumber"") ^ (t0.""PhoneNumber"" ""GREATER_EQUAL"" t1.""PhoneNumber""))']",0.4,0.7444444444444445,0.0,0.40034444444444445
34,54,"['¬((t0.""ZIPCode"" ""EQUAL"" t1.""ZIPCode"" ^ (t0.""HospitalOwner"" ""EQUAL"" t1.""HospitalOwner"") ^ (t0.""MeasureName"" ""EQUAL"" t1.""MeasureName""))']",0.6666666666666666,0.3851851851851852,0.0,0.6663851851851851
35,56,"['¬((t0.""City"" ""EQUAL"" t1.""City"" ^ (t0.""State"" ""UNEQUAL"" t1.""State"") ^ (t0.""Sample"" ""EQUAL"" t1.""Sample""))']",0.5714285714285714,0.6148148148148148,0.0,0.5714719576719577
36,58,"['¬((t0.""PhoneNumber"" ""EQUAL"" t1.""PhoneNumber"") ^ (t0.""EmergencyService"" ""UNEQUAL"" t1.""EmergencyService""))']",0.6666666666666666,0.6777777777777777,0.0,0.6666777777777777
37,59,"['¬((t0.""CountyName"" ""UNEQUAL"" t1.""CountyName"" ^ (t0.""City"" ""EQUAL"" t1.""City"") ^ (t0.""ProviderNumber"" ""LESS_EQUAL"" t1.""ProviderNumber"") ^ (t0.""PhoneNumber"" ""GREATER_EQUAL"" t1.""PhoneNumber""))']",0.4,0.75,0.0,0.40035
38,60,"['¬((t0.""State"" ""EQUAL"" t1.""State"" ^ (t0.""MeasureName"" ""EQUAL"" t1.""MeasureName"") ^ (t0.""StateAvg"" ""UNEQUAL"" t1.""StateAvg""))']",0.5714285714285714,0.725925925925926,0.0,0.5715830687830687
39,62,"['¬((t0.""PhoneNumber"" ""LESS"" t1.""PhoneNumber"" ^ (t0.""City"" ""EQUAL"" t1.""City"") ^ (t0.""ProviderNumber"" ""GREATER_EQUAL"" t1.""ProviderNumber"") ^ (t0.""Sample"" ""EQUAL"" t1.""Sample""))']",0.4444444444444444,0.5055555555555555,0.0,0.4445055555555555
40,63,"['¬((t0.""PhoneNumber"" ""LESS"" t1.""PhoneNumber"" ^ (t0.""City"" ""EQUAL"" t1.""City"") ^ (t0.""Sample"" ""EQUAL"" t1.""Sample"") ^ (t0.""EmergencyService"" ""EQUAL"" t1.""EmergencyService""))']",0.5,0.5416666666666667,0.0,0.5000416666666667
41,64,"['¬((t0.""CountyName"" ""UNEQUAL"" t1.""CountyName"" ^ (t0.""City"" ""EQUAL"" t1.""City"") ^ (t0.""ZIPCode"" ""GREATER_EQUAL"" t1.""ZIPCode"") ^ (t0.""ProviderNumber"" ""LESS_EQUAL"" t1.""ProviderNumber""))']",0.4,0.7527777777777778,0.0,0.4003527777777778
42,66,"['¬((t0.""City"" ""EQUAL"" t1.""City"" ^ (t0.""StateAvg"" ""EQUAL"" t1.""StateAvg"") ^ (t0.""HospitalType"" ""UNEQUAL"" t1.""HospitalType"") ^ (t0.""EmergencyService"" ""EQUAL"" t1.""EmergencyService""))']",0.5,0.5166666666666666,0.0,0.5000166666666667
43,67,"['¬((t0.""PhoneNumber"" ""EQUAL"" t1.""PhoneNumber"" ^ (t0.""Sample"" ""EQUAL"" t1.""Sample"") ^ (t0.""HospitalName"" ""UNEQUAL"" t1.""HospitalName""))']",0.5714285714285714,0.6666666666666667,0.0,0.5715238095238095
44,68,"['¬((t0.""PhoneNumber"" ""UNEQUAL"" t1.""PhoneNumber"" ^ (t0.""Sample"" ""EQUAL"" t1.""Sample"") ^ (t0.""HospitalName"" ""EQUAL"" t1.""HospitalName""))']",0.5714285714285714,0.6666666666666667,0.0,0.5715238095238095
45,69,"['¬((t0.""HospitalOwner"" ""EQUAL"" t1.""HospitalOwner"" ^ (t0.""CountyName"" ""EQUAL"" t1.""CountyName"") ^ (t0.""MeasureCode"" ""EQUAL"" t1.""MeasureCode"") ^ (t0.""EmergencyService"" ""UNEQUAL"" t1.""EmergencyService""))']",0.5,0.37777777777777777,0.0,0.49987777777777775
46,70,"['¬((t0.""ZIPCode"" ""EQUAL"" t1.""ZIPCode"" ^ (t0.""HospitalOwner"" ""EQUAL"" t1.""HospitalOwner"") ^ (t0.""Sample"" ""EQUAL"" t1.""Sample"") ^ (t0.""HospitalName"" ""UNEQUAL"" t1.""HospitalName""))']",0.5,0.5333333333333332,0.0,0.5000333333333333
47,72,"['¬((t0.""CountyName"" ""UNEQUAL"" t1.""CountyName"" ^ (t0.""HospitalName"" ""EQUAL"" t1.""HospitalName"") ^ (t0.""ProviderNumber"" ""LESS_EQUAL"" t1.""ProviderNumber"") ^ (t0.""Condition"" ""EQUAL"" t1.""Condition""))']",0.4444444444444444,0.6694444444444444,0.0,0.4446694444444444
48,74,"['¬((t0.""HospitalOwner"" ""EQUAL"" t1.""HospitalOwner"" ^ (t0.""City"" ""EQUAL"" t1.""City"") ^ (t0.""MeasureCode"" ""EQUAL"" t1.""MeasureCode"") ^ (t0.""ProviderNumber"" ""LESS_EQUAL"" t1.""ProviderNumber""))']",0.5,0.4138888888888889,0.0,0.4999138888888889
49,76,"['¬((t0.""City"" ""EQUAL"" t1.""City"" ^ (t0.""ProviderNumber"" ""LESS"" t1.""ProviderNumber"") ^ (t0.""Sample"" ""EQUAL"" t1.""Sample"") ^ (t0.""PhoneNumber"" ""GREATER_EQUAL"" t1.""PhoneNumber""))']",0.4444444444444444,0.5055555555555555,0.0,0.4445055555555555
50,78,"['¬((t0.""Sample"" ""EQUAL"" t1.""Sample"" ^ (t0.""ZIPCode"" ""UNEQUAL"" t1.""ZIPCode"") ^ (t0.""HospitalName"" ""EQUAL"" t1.""HospitalName""))']",0.5714285714285714,0.6592592592592592,0.0,0.5715164021164021
51,80,"['¬((t0.""ZIPCode"" ""EQUAL"" t1.""ZIPCode"" ^ (t0.""HospitalType"" ""UNEQUAL"" t1.""HospitalType"") ^ (t0.""MeasureCode"" ""EQUAL"" t1.""MeasureCode"") ^ (t0.""ProviderNumber"" ""LESS_EQUAL"" t1.""ProviderNumber""))']",0.4444444444444444,0.4805555555555555,0.0,0.4444805555555555
52,85,"['¬((t0.""MeasureName"" ""EQUAL"" t1.""MeasureName"" ^ (t0.""StateAvg"" ""UNEQUAL"" t1.""StateAvg"") ^ (t0.""CountyName"" ""EQUAL"" t1.""CountyName"") ^ (t0.""Sample"" ""EQUAL"" t1.""Sample""))']",0.5,0.5055555555555555,0.0,0.5000055555555556
53,86,"['¬((t0.""MeasureName"" ""EQUAL"" t1.""MeasureName"") ^ (t0.""PhoneNumber"" ""EQUAL"" t1.""PhoneNumber""))']",0.8,0.5111111111111111,0.0,0.7997111111111112
54,87,"['¬((t0.""ZIPCode"" ""EQUAL"" t1.""ZIPCode"" ^ (t0.""PhoneNumber"" ""UNEQUAL"" t1.""PhoneNumber"") ^ (t0.""Sample"" ""EQUAL"" t1.""Sample"") ^ (t0.""EmergencyService"" ""EQUAL"" t1.""EmergencyService""))']",0.5,0.6666666666666667,0.0,0.5001666666666666
55,88,"['¬((t0.""ZIPCode"" ""EQUAL"" t1.""ZIPCode"" ^ (t0.""HospitalType"" ""UNEQUAL"" t1.""HospitalType"") ^ (t0.""Sample"" ""EQUAL"" t1.""Sample"") ^ (t0.""ProviderNumber"" ""LESS_EQUAL"" t1.""ProviderNumber""))']",0.4444444444444444,0.475,0.0,0.44447499999999995
56,92,"['¬((t0.""StateAvg"" ""EQUAL"" t1.""StateAvg"") ^ (t0.""HospitalName"" ""EQUAL"" t1.""HospitalName""))']",0.8,0.5111111111111111,0.0,0.7997111111111112
57,93,"['¬((t0.""ZIPCode"" ""EQUAL"" t1.""ZIPCode"" ^ (t0.""HospitalType"" ""EQUAL"" t1.""HospitalType"") ^ (t0.""Sample"" ""EQUAL"" t1.""Sample"") ^ (t0.""HospitalOwner"" ""UNEQUAL"" t1.""HospitalOwner""))']",0.5,0.6333333333333333,0.0,0.5001333333333333
58,94,"['¬((t0.""MeasureName"" ""EQUAL"" t1.""MeasureName"" ^ (t0.""StateAvg"" ""UNEQUAL"" t1.""StateAvg"") ^ (t0.""CountyName"" ""EQUAL"" t1.""CountyName"") ^ (t0.""EmergencyService"" ""UNEQUAL"" t1.""EmergencyService""))']",0.5,0.5944444444444443,0.0,0.5000944444444444
59,95,"['¬((t0.""HospitalOwner"" ""EQUAL"" t1.""HospitalOwner"" ^ (t0.""City"" ""EQUAL"" t1.""City"") ^ (t0.""ProviderNumber"" ""UNEQUAL"" t1.""ProviderNumber"") ^ (t0.""Sample"" ""EQUAL"" t1.""Sample""))']",0.5,0.5333333333333332,0.0,0.5000333333333333
60,97,"['¬((t0.""HospitalOwner"" ""EQUAL"" t1.""HospitalOwner"" ^ (t0.""CountyName"" ""EQUAL"" t1.""CountyName"") ^ (t0.""StateAvg"" ""EQUAL"" t1.""StateAvg"") ^ (t0.""HospitalType"" ""UNEQUAL"" t1.""HospitalType""))']",0.5,0.38333333333333336,0.0,0.49988333333333335
61,98,"['¬((t0.""HospitalOwner"" ""UNEQUAL"" t1.""HospitalOwner"") ^ (t0.""HospitalName"" ""EQUAL"" t1.""HospitalName""))']",0.6666666666666666,0.9444444444444444,0.0,0.6669444444444443
62,99,"['¬((t0.""MeasureName"" ""EQUAL"" t1.""MeasureName"") ^ (t0.""Condition"" ""UNEQUAL"" t1.""Condition""))']",0.6666666666666666,0.9111111111111112,0.0,0.666911111111111
63,100,"['¬((t0.""ZIPCode"" ""EQUAL"" t1.""ZIPCode"" ^ (t0.""MeasureName"" ""EQUAL"" t1.""MeasureName"") ^ (t0.""StateAvg"" ""UNEQUAL"" t1.""StateAvg""))']",0.5714285714285714,0.674074074074074,0.0,0.5715312169312169
64,101,"['¬((t0.""CountyName"" ""UNEQUAL"" t1.""CountyName"" ^ (t0.""City"" ""EQUAL"" t1.""City"") ^ (t0.""StateAvg"" ""EQUAL"" t1.""StateAvg""))']",0.5714285714285714,0.674074074074074,0.0,0.5715312169312169
65,102,"['¬((t0.""HospitalOwner"" ""EQUAL"" t1.""HospitalOwner"" ^ (t0.""City"" ""EQUAL"" t1.""City"") ^ (t0.""HospitalType"" ""UNEQUAL"" t1.""HospitalType"") ^ (t0.""ProviderNumber"" ""LESS_EQUAL"" t1.""ProviderNumber""))']",0.4444444444444444,0.5027777777777778,0.0,0.44450277777777775
66,103,"['¬((t0.""ZIPCode"" ""EQUAL"" t1.""ZIPCode"" ^ (t0.""HospitalOwner"" ""EQUAL"" t1.""HospitalOwner"") ^ (t0.""EmergencyService"" ""UNEQUAL"" t1.""EmergencyService""))']",0.5714285714285714,0.4962962962962963,0.0,0.5713534391534392
67,104,"['¬((t0.""CountyName"" ""EQUAL"" t1.""CountyName"" ^ (t0.""StateAvg"" ""EQUAL"" t1.""StateAvg"") ^ (t0.""HospitalType"" ""UNEQUAL"" t1.""HospitalType"") ^ (t0.""Sample"" ""EQUAL"" t1.""Sample""))']",0.5,0.35555555555555557,0.0,0.49985555555555555
68,106,"['¬((t0.""CountyName"" ""EQUAL"" t1.""CountyName"" ^ (t0.""ZIPCode"" ""UNEQUAL"" t1.""ZIPCode"") ^ (t0.""HospitalName"" ""EQUAL"" t1.""HospitalName""))']",0.5714285714285714,0.6666666666666667,0.0,0.5715238095238095
69,109,"['¬((t0.""City"" ""EQUAL"" t1.""City"" ^ (t0.""HospitalType"" ""UNEQUAL"" t1.""HospitalType"") ^ (t0.""Sample"" ""EQUAL"" t1.""Sample"") ^ (t0.""Condition"" ""EQUAL"" t1.""Condition""))']",0.5,0.39999999999999997,0.0,0.4999
70,111,"['¬((t0.""PhoneNumber"" ""LESS"" t1.""PhoneNumber"" ^ (t0.""ZIPCode"" ""EQUAL"" t1.""ZIPCode"") ^ (t0.""HospitalType"" ""UNEQUAL"" t1.""HospitalType"") ^ (t0.""MeasureCode"" ""EQUAL"" t1.""MeasureCode""))']",0.4444444444444444,0.4805555555555555,0.0,0.4444805555555555
71,113,"['¬((t0.""ProviderNumber"" ""EQUAL"" t1.""ProviderNumber"" ^ (t0.""Sample"" ""EQUAL"" t1.""Sample"") ^ (t0.""HospitalName"" ""UNEQUAL"" t1.""HospitalName""))']",0.5714285714285714,0.6666666666666667,0.0,0.5715238095238095
72,114,"['¬((t0.""ProviderNumber"" ""UNEQUAL"" t1.""ProviderNumber"" ^ (t0.""Sample"" ""EQUAL"" t1.""Sample"") ^ (t0.""HospitalName"" ""EQUAL"" t1.""HospitalName""))']",0.5714285714285714,0.6666666666666667,0.0,0.5715238095238095
73,115,"['¬((t0.""HospitalOwner"" ""EQUAL"" t1.""HospitalOwner"" ^ (t0.""MeasureName"" ""EQUAL"" t1.""MeasureName"") ^ (t0.""City"" ""EQUAL"" t1.""City"") ^ (t0.""ProviderNumber"" ""LESS_EQUAL"" t1.""ProviderNumber""))']",0.5,0.4138888888888889,0.0,0.4999138888888889
74,118,"['¬((t0.""City"" ""UNEQUAL"" t1.""City"" ^ (t0.""PhoneNumber"" ""LESS_EQUAL"" t1.""PhoneNumber"") ^ (t0.""HospitalName"" ""EQUAL"" t1.""HospitalName"") ^ (t0.""Condition"" ""EQUAL"" t1.""Condition""))']",0.4444444444444444,0.6694444444444445,0.0,0.4446694444444444
75,122,"['¬((t0.""City"" ""EQUAL"" t1.""City"" ^ (t0.""Sample"" ""EQUAL"" t1.""Sample"") ^ (t0.""EmergencyService"" ""UNEQUAL"" t1.""EmergencyService"") ^ (t0.""Condition"" ""EQUAL"" t1.""Condition""))']",0.5,0.39444444444444443,0.0,0.4998944444444444
76,124,"['¬((t0.""City"" ""EQUAL"" t1.""City"" ^ (t0.""Sample"" ""EQUAL"" t1.""Sample"") ^ (t0.""ZIPCode"" ""UNEQUAL"" t1.""ZIPCode"") ^ (t0.""EmergencyService"" ""UNEQUAL"" t1.""EmergencyService""))']",0.5,0.5888888888888888,0.0,0.5000888888888889
77,125,"['¬((t0.""CountyName"" ""EQUAL"" t1.""CountyName"" ^ (t0.""HospitalType"" ""UNEQUAL"" t1.""HospitalType"") ^ (t0.""MeasureCode"" ""EQUAL"" t1.""MeasureCode"") ^ (t0.""Sample"" ""EQUAL"" t1.""Sample""))']",0.5,0.35555555555555557,0.0,0.49985555555555555
78,127,"['¬((t0.""HospitalType"" ""EQUAL"" t1.""HospitalType"" ^ (t0.""MeasureName"" ""EQUAL"" t1.""MeasureName"") ^ (t0.""StateAvg"" ""UNEQUAL"" t1.""StateAvg"") ^ (t0.""CountyName"" ""EQUAL"" t1.""CountyName""))']",0.5,0.6611111111111112,0.0,0.5001611111111111
79,128,"['¬((t0.""City"" ""EQUAL"" t1.""City"" ^ (t0.""HospitalType"" ""UNEQUAL"" t1.""HospitalType"") ^ (t0.""Sample"" ""EQUAL"" t1.""Sample"") ^ (t0.""ZIPCode"" ""UNEQUAL"" t1.""ZIPCode""))']",0.5,0.5944444444444443,0.0,0.5000944444444444
80,131,"['¬((t0.""ZIPCode"" ""EQUAL"" t1.""ZIPCode"" ^ (t0.""HospitalOwner"" ""EQUAL"" t1.""HospitalOwner"") ^ (t0.""MeasureCode"" ""EQUAL"" t1.""MeasureCode""))']",0.6666666666666666,0.3851851851851852,0.0,0.6663851851851851
81,132,"['¬((t0.""PhoneNumber"" ""UNEQUAL"" t1.""PhoneNumber"" ^ (t0.""City"" ""EQUAL"" t1.""City"") ^ (t0.""HospitalName"" ""EQUAL"" t1.""HospitalName""))']",0.5714285714285714,0.674074074074074,0.0,0.5715312169312169
82,133,"['¬((t0.""PhoneNumber"" ""LESS"" t1.""PhoneNumber"" ^ (t0.""ZIPCode"" ""EQUAL"" t1.""ZIPCode"") ^ (t0.""MeasureCode"" ""EQUAL"" t1.""MeasureCode"") ^ (t0.""EmergencyService"" ""UNEQUAL"" t1.""EmergencyService""))']",0.4444444444444444,0.475,0.0,0.44447499999999995
83,134,"['¬((t0.""CountyName"" ""EQUAL"" t1.""CountyName"" ^ (t0.""MeasureCode"" ""EQUAL"" t1.""MeasureCode"") ^ (t0.""Sample"" ""EQUAL"" t1.""Sample"") ^ (t0.""EmergencyService"" ""UNEQUAL"" t1.""EmergencyService""))']",0.5,0.35000000000000003,0.0,0.49985
84,135,"['¬((t0.""PhoneNumber"" ""LESS"" t1.""PhoneNumber"" ^ (t0.""ZIPCode"" ""LESS_EQUAL"" t1.""ZIPCode"") ^ (t0.""HospitalName"" ""EQUAL"" t1.""HospitalName""))']",0.5,0.6703703703703703,0.0,0.5001703703703704
85,136,"['¬((t0.""ZIPCode"" ""EQUAL"" t1.""ZIPCode"" ^ (t0.""HospitalOwner"" ""EQUAL"" t1.""HospitalOwner"") ^ (t0.""ProviderNumber"" ""UNEQUAL"" t1.""ProviderNumber""))']",0.5714285714285714,0.711111111111111,0.0,0.571568253968254
86,139,"['¬((t0.""ZIPCode"" ""EQUAL"" t1.""ZIPCode"") ^ (t0.""CountyName"" ""UNEQUAL"" t1.""CountyName""))']",0.6666666666666666,1.0,0.0,0.6669999999999999
87,141,"['¬((t0.""HospitalOwner"" ""EQUAL"" t1.""HospitalOwner"" ^ (t0.""CountyName"" ""EQUAL"" t1.""CountyName"") ^ (t0.""HospitalType"" ""UNEQUAL"" t1.""HospitalType"") ^ (t0.""Condition"" ""EQUAL"" t1.""Condition""))']",0.5,0.42777777777777776,0.0,0.4999277777777778
88,142,"['¬((t0.""PhoneNumber"" ""UNEQUAL"" t1.""PhoneNumber"" ^ (t0.""HospitalName"" ""EQUAL"" t1.""HospitalName"") ^ (t0.""ProviderNumber"" ""LESS_EQUAL"" t1.""ProviderNumber"") ^ (t0.""Condition"" ""EQUAL"" t1.""Condition""))']",0.4444444444444444,0.675,0.0,0.44467499999999993
89,144,"['¬((t0.""MeasureName"" ""EQUAL"" t1.""MeasureName"" ^ (t0.""City"" ""EQUAL"" t1.""City"") ^ (t0.""HospitalType"" ""UNEQUAL"" t1.""HospitalType"") ^ (t0.""EmergencyService"" ""EQUAL"" t1.""EmergencyService""))']",0.5,0.5166666666666666,0.0,0.5000166666666667
90,145,"['¬((t0.""CountyName"" ""EQUAL"" t1.""CountyName"" ^ (t0.""StateAvg"" ""EQUAL"" t1.""StateAvg"") ^ (t0.""Sample"" ""EQUAL"" t1.""Sample"") ^ (t0.""EmergencyService"" ""UNEQUAL"" t1.""EmergencyService""))']",0.5,0.35000000000000003,0.0,0.49985
91,146,"['¬((t0.""MeasureName"" ""UNEQUAL"" t1.""MeasureName"") ^ (t0.""StateAvg"" ""EQUAL"" t1.""StateAvg""))']",0.6666666666666666,1.0,0.0,0.6669999999999999
92,147,"['¬((t0.""ZIPCode"" ""EQUAL"" t1.""ZIPCode"" ^ (t0.""MeasureCode"" ""EQUAL"" t1.""MeasureCode"") ^ (t0.""ProviderNumber"" ""LESS_EQUAL"" t1.""ProviderNumber"") ^ (t0.""EmergencyService"" ""UNEQUAL"" t1.""EmergencyService""))']",0.4444444444444444,0.475,0.0,0.44447499999999995
93,150,"['¬((t0.""City"" ""UNEQUAL"" t1.""City"") ^ (t0.""PhoneNumber"" ""EQUAL"" t1.""PhoneNumber""))']",0.6666666666666666,0.9888888888888889,0.0,0.6669888888888889
94,152,"['¬((t0.""City"" ""UNEQUAL"" t1.""City"" ^ (t0.""ZIPCode"" ""LESS_EQUAL"" t1.""ZIPCode"") ^ (t0.""HospitalName"" ""EQUAL"" t1.""HospitalName"") ^ (t0.""ProviderNumber"" ""LESS_EQUAL"" t1.""ProviderNumber""))']",0.4444444444444444,0.7472222222222222,0.0,0.4447472222222222
95,153,"['¬((t0.""HospitalOwner"" ""EQUAL"" t1.""HospitalOwner"" ^ (t0.""StateAvg"" ""EQUAL"" t1.""StateAvg"") ^ (t0.""HospitalType"" ""UNEQUAL"" t1.""HospitalType"") ^ (t0.""Sample"" ""EQUAL"" t1.""Sample""))']",0.5,0.3777777777777778,0.0,0.49987777777777775
96,156,"['¬((t0.""ZIPCode"" ""EQUAL"" t1.""ZIPCode"" ^ (t0.""Sample"" ""EQUAL"" t1.""Sample"") ^ (t0.""HospitalOwner"" ""UNEQUAL"" t1.""HospitalOwner"") ^ (t0.""Condition"" ""EQUAL"" t1.""Condition""))']",0.5,0.5277777777777778,0.0,0.5000277777777777
97,158,"['¬((t0.""ZIPCode"" ""EQUAL"" t1.""ZIPCode"" ^ (t0.""StateAvg"" ""EQUAL"" t1.""StateAvg"") ^ (t0.""Sample"" ""EQUAL"" t1.""Sample""))']",0.6666666666666666,0.3481481481481481,0.0,0.666348148148148
98,159,"['¬((t0.""CountyName"" ""UNEQUAL"" t1.""CountyName"" ^ (t0.""PhoneNumber"" ""LESS_EQUAL"" t1.""PhoneNumber"") ^ (t0.""City"" ""EQUAL"" t1.""City"") ^ (t0.""ZIPCode"" ""GREATER_EQUAL"" t1.""ZIPCode""))']",0.4,0.7527777777777778,0.0,0.4003527777777778
99,162,"['¬((t0.""HospitalOwner"" ""EQUAL"" t1.""HospitalOwner"" ^ (t0.""ZIPCode"" ""GREATER"" t1.""ZIPCode"") ^ (t0.""City"" ""EQUAL"" t1.""City"") ^ (t0.""MeasureCode"" ""EQUAL"" t1.""MeasureCode""))']",0.5,0.41111111111111115,0.0,0.4999111111111111
100,164,"['¬((t0.""HospitalOwner"" ""EQUAL"" t1.""HospitalOwner"" ^ (t0.""CountyName"" ""EQUAL"" t1.""CountyName"") ^ (t0.""MeasureCode"" ""EQUAL"" t1.""MeasureCode"") ^ (t0.""Sample"" ""EQUAL"" t1.""Sample""))']",0.5714285714285714,0.2888888888888889,0.0,0.5711460317460317
101,165,"['¬((t0.""ZIPCode"" ""EQUAL"" t1.""ZIPCode"" ^ (t0.""MeasureName"" ""EQUAL"" t1.""MeasureName"") ^ (t0.""Sample"" ""EQUAL"" t1.""Sample""))']",0.6666666666666666,0.3481481481481481,0.0,0.666348148148148
102,166,"['¬((t0.""ZIPCode"" ""EQUAL"" t1.""ZIPCode"" ^ (t0.""HospitalOwner"" ""EQUAL"" t1.""HospitalOwner"") ^ (t0.""StateAvg"" ""EQUAL"" t1.""StateAvg""))']",0.6666666666666666,0.3851851851851852,0.0,0.6663851851851851
103,167,"['¬((t0.""MeasureName"" ""EQUAL"" t1.""MeasureName"" ^ (t0.""CountyName"" ""EQUAL"" t1.""CountyName"") ^ (t0.""Sample"" ""EQUAL"" t1.""Sample"") ^ (t0.""EmergencyService"" ""UNEQUAL"" t1.""EmergencyService""))']",0.5,0.35000000000000003,0.0,0.49985
104,168,"['¬((t0.""ProviderNumber"" ""EQUAL"" t1.""ProviderNumber"") ^ (t0.""HospitalOwner"" ""UNEQUAL"" t1.""HospitalOwner""))']",0.6666666666666666,0.9444444444444444,0.0,0.6669444444444443
105,170,"['¬((t0.""HospitalType"" ""EQUAL"" t1.""HospitalType"" ^ (t0.""CountyName"" ""EQUAL"" t1.""CountyName"") ^ (t0.""State"" ""UNEQUAL"" t1.""State"") ^ (t0.""Sample"" ""EQUAL"" t1.""Sample""))']",0.5,0.6166666666666668,0.0,0.5001166666666667
106,171,"['¬((t0.""HospitalType"" ""UNEQUAL"" t1.""HospitalType"") ^ (t0.""PhoneNumber"" ""EQUAL"" t1.""PhoneNumber""))']",0.6666666666666666,0.6888888888888888,0.0,0.6666888888888888
107,172,"['¬((t0.""PhoneNumber"" ""EQUAL"" t1.""PhoneNumber"" ^ (t0.""Sample"" ""EQUAL"" t1.""Sample"") ^ (t0.""HospitalOwner"" ""UNEQUAL"" t1.""HospitalOwner""))']",0.5714285714285714,0.6296296296296295,0.0,0.5714867724867725
108,175,"['¬((t0.""HospitalOwner"" ""EQUAL"" t1.""HospitalOwner"" ^ (t0.""City"" ""EQUAL"" t1.""City"") ^ (t0.""MeasureCode"" ""EQUAL"" t1.""MeasureCode"") ^ (t0.""EmergencyService"" ""UNEQUAL"" t1.""EmergencyService""))']",0.5,0.37777777777777777,0.0,0.49987777777777775
109,176,"['¬((t0.""CountyName"" ""EQUAL"" t1.""CountyName"" ^ (t0.""StateAvg"" ""EQUAL"" t1.""StateAvg"") ^ (t0.""HospitalType"" ""UNEQUAL"" t1.""HospitalType"") ^ (t0.""EmergencyService"" ""EQUAL"" t1.""EmergencyService""))']",0.5,0.5166666666666666,0.0,0.5000166666666667
110,177,"['¬((t0.""StateAvg"" ""UNEQUAL"" t1.""StateAvg"" ^ (t0.""CountyName"" ""EQUAL"" t1.""CountyName"") ^ (t0.""MeasureCode"" ""EQUAL"" t1.""MeasureCode"") ^ (t0.""EmergencyService"" ""UNEQUAL"" t1.""EmergencyService""))']",0.5,0.5944444444444443,0.0,0.5000944444444444
111,180,"['¬((t0.""ProviderNumber"" ""EQUAL"" t1.""ProviderNumber"") ^ (t0.""MeasureCode"" ""EQUAL"" t1.""MeasureCode""))']",0.8,0.5111111111111111,0.0,0.7997111111111112
112,184,"['¬((t0.""HospitalOwner"" ""EQUAL"" t1.""HospitalOwner"" ^ (t0.""CountyName"" ""EQUAL"" t1.""CountyName"") ^ (t0.""HospitalType"" ""UNEQUAL"" t1.""HospitalType"") ^ (t0.""MeasureCode"" ""EQUAL"" t1.""MeasureCode""))']",0.5,0.38333333333333336,0.0,0.49988333333333335
113,188,"['¬((t0.""ProviderNumber"" ""EQUAL"" t1.""ProviderNumber"") ^ (t0.""ZIPCode"" ""UNEQUAL"" t1.""ZIPCode""))']",0.6666666666666666,0.9888888888888889,0.0,0.6669888888888889
114,189,"['¬((t0.""CountyName"" ""UNEQUAL"" t1.""CountyName"" ^ (t0.""City"" ""EQUAL"" t1.""City"") ^ (t0.""MeasureCode"" ""EQUAL"" t1.""MeasureCode""))']",0.5714285714285714,0.674074074074074,0.0,0.5715312169312169
115,192,"['¬((t0.""StateAvg"" ""UNEQUAL"" t1.""StateAvg"" ^ (t0.""CountyName"" ""EQUAL"" t1.""CountyName"") ^ (t0.""MeasureCode"" ""EQUAL"" t1.""MeasureCode"") ^ (t0.""Sample"" ""EQUAL"" t1.""Sample""))']",0.5,0.5055555555555555,0.0,0.5000055555555556
116,193,"['¬((t0.""MeasureName"" ""EQUAL"" t1.""MeasureName"" ^ (t0.""CountyName"" ""EQUAL"" t1.""CountyName"") ^ (t0.""State"" ""UNEQUAL"" t1.""State"") ^ (t0.""EmergencyService"" ""UNEQUAL"" t1.""EmergencyService""))']",0.5,0.5555555555555555,0.0,0.5000555555555556
117,196,"['¬((t0.""MeasureCode"" ""EQUAL"" t1.""MeasureCode"") ^ (t0.""HospitalName"" ""EQUAL"" t1.""HospitalName""))']",0.8,0.5111111111111111,0.0,0.7997111111111112
118,197,"['¬((t0.""State"" ""EQUAL"" t1.""State"" ^ (t0.""CountyName"" ""UNEQUAL"" t1.""CountyName"") ^ (t0.""City"" ""EQUAL"" t1.""City""))']",0.5714285714285714,0.725925925925926,0.0,0.5715830687830687
119,198,"['¬((t0.""City"" ""EQUAL"" t1.""City"" ^ (t0.""CountyName"" ""EQUAL"" t1.""CountyName"") ^ (t0.""State"" ""UNEQUAL"" t1.""State""))']",0.5714285714285714,0.6222222222222222,0.0,0.571479365079365
120,201,"['¬((t0.""City"" ""UNEQUAL"" t1.""City"" ^ (t0.""PhoneNumber"" ""LESS_EQUAL"" t1.""PhoneNumber"") ^ (t0.""ZIPCode"" ""LESS_EQUAL"" t1.""ZIPCode"") ^ (t0.""HospitalName"" ""EQUAL"" t1.""HospitalName""))']",0.4444444444444444,0.7472222222222223,0.0,0.4447472222222222
121,208,"['¬((t0.""HospitalOwner"" ""EQUAL"" t1.""HospitalOwner"" ^ (t0.""StateAvg"" ""UNEQUAL"" t1.""StateAvg"") ^ (t0.""CountyName"" ""EQUAL"" t1.""CountyName"") ^ (t0.""MeasureCode"" ""EQUAL"" t1.""MeasureCode""))']",0.5,0.5333333333333332,0.0,0.5000333333333333
122,212,"['¬((t0.""CountyName"" ""UNEQUAL"" t1.""CountyName"" ^ (t0.""Sample"" ""EQUAL"" t1.""Sample"") ^ (t0.""HospitalName"" ""EQUAL"" t1.""HospitalName""))']",0.5714285714285714,0.6592592592592592,0.0,0.5715164021164021
123,214,"['¬((t0.""ZIPCode"" ""EQUAL"" t1.""ZIPCode"" ^ (t0.""PhoneNumber"" ""UNEQUAL"" t1.""PhoneNumber"") ^ (t0.""Sample"" ""EQUAL"" t1.""Sample"") ^ (t0.""Condition"" ""EQUAL"" t1.""Condition""))']",0.5,0.5555555555555555,0.0,0.5000555555555556
124,215,"['¬((t0.""CountyName"" ""UNEQUAL"" t1.""CountyName"" ^ (t0.""PhoneNumber"" ""LESS_EQUAL"" t1.""PhoneNumber"") ^ (t0.""HospitalName"" ""EQUAL"" t1.""HospitalName"") ^ (t0.""Condition"" ""EQUAL"" t1.""Condition""))']",0.4444444444444444,0.6694444444444445,0.0,0.4446694444444444
125,219,"['¬((t0.""City"" ""EQUAL"" t1.""City"" ^ (t0.""ZIPCode"" ""UNEQUAL"" t1.""ZIPCode"") ^ (t0.""HospitalName"" ""EQUAL"" t1.""HospitalName""))']",0.5714285714285714,0.6666666666666667,0.0,0.5715238095238095
126,220,"['¬((t0.""MeasureName"" ""EQUAL"" t1.""MeasureName"" ^ (t0.""CountyName"" ""EQUAL"" t1.""CountyName"") ^ (t0.""State"" ""UNEQUAL"" t1.""State"") ^ (t0.""Sample"" ""EQUAL"" t1.""Sample""))']",0.5,0.4666666666666667,0.0,0.49996666666666667
127,221,"['¬((t0.""HospitalOwner"" ""EQUAL"" t1.""HospitalOwner"" ^ (t0.""MeasureName"" ""EQUAL"" t1.""MeasureName"") ^ (t0.""CountyName"" ""EQUAL"" t1.""CountyName"") ^ (t0.""HospitalType"" ""UNEQUAL"" t1.""HospitalType""))']",0.5,0.38333333333333336,0.0,0.49988333333333335
128,225,"['¬((t0.""HospitalOwner"" ""EQUAL"" t1.""HospitalOwner"" ^ (t0.""CountyName"" ""EQUAL"" t1.""CountyName"") ^ (t0.""HospitalType"" ""UNEQUAL"" t1.""HospitalType"") ^ (t0.""Sample"" ""EQUAL"" t1.""Sample""))']",0.5,0.37777777777777777,0.0,0.49987777777777775
129,228,"['¬((t0.""PhoneNumber"" ""LESS_EQUAL"" t1.""PhoneNumber"" ^ (t0.""ZIPCode"" ""LESS_EQUAL"" t1.""ZIPCode"") ^ (t0.""ProviderNumber"" ""UNEQUAL"" t1.""ProviderNumber"") ^ (t0.""HospitalName"" ""EQUAL"" t1.""HospitalName""))']",0.4444444444444444,0.7527777777777779,0.0,0.4447527777777777
130,230,"['¬((t0.""StateAvg"" ""EQUAL"" t1.""StateAvg"") ^ (t0.""State"" ""UNEQUAL"" t1.""State""))']",0.6666666666666666,0.9222222222222222,0.0,0.6669222222222222
131,231,"['¬((t0.""CountyName"" ""UNEQUAL"" t1.""CountyName"" ^ (t0.""City"" ""EQUAL"" t1.""City"") ^ (t0.""Sample"" ""EQUAL"" t1.""Sample""))']",0.5714285714285714,0.6666666666666667,0.0,0.5715238095238095
132,237,"['¬((t0.""CountyName"" ""UNEQUAL"" t1.""CountyName"" ^ (t0.""City"" ""EQUAL"" t1.""City"") ^ (t0.""EmergencyService"" ""UNEQUAL"" t1.""EmergencyService""))']",0.5714285714285714,0.7851851851851851,0.0,0.5716423280423281
133,238,"['¬((t0.""ZIPCode"" ""UNEQUAL"" t1.""ZIPCode"" ^ (t0.""HospitalName"" ""EQUAL"" t1.""HospitalName"") ^ (t0.""ProviderNumber"" ""LESS_EQUAL"" t1.""ProviderNumber"") ^ (t0.""PhoneNumber"" ""GREATER_EQUAL"" t1.""PhoneNumber""))']",0.4,0.7444444444444445,0.0,0.40034444444444445
134,239,"['¬((t0.""PhoneNumber"" ""LESS"" t1.""PhoneNumber"" ^ (t0.""City"" ""EQUAL"" t1.""City"") ^ (t0.""HospitalType"" ""UNEQUAL"" t1.""HospitalType"") ^ (t0.""Sample"" ""EQUAL"" t1.""Sample""))']",0.4444444444444444,0.475,0.0,0.44447499999999995
135,240,"['¬((t0.""City"" ""EQUAL"" t1.""City"" ^ (t0.""HospitalType"" ""UNEQUAL"" t1.""HospitalType"") ^ (t0.""MeasureCode"" ""EQUAL"" t1.""MeasureCode"") ^ (t0.""EmergencyService"" ""EQUAL"" t1.""EmergencyService""))']",0.5,0.5166666666666666,0.0,0.5000166666666667
136,241,"['¬((t0.""ZIPCode"" ""EQUAL"" t1.""ZIPCode"" ^ (t0.""HospitalOwner"" ""EQUAL"" t1.""HospitalOwner"") ^ (t0.""HospitalType"" ""UNEQUAL"" t1.""HospitalType""))']",0.5714285714285714,0.5037037037037038,0.0,0.5713608465608465
137,243,"['¬((t0.""MeasureCode"" ""UNEQUAL"" t1.""MeasureCode"") ^ (t0.""StateAvg"" ""EQUAL"" t1.""StateAvg""))']",0.6666666666666666,1.0,0.0,0.6669999999999999
138,244,"['¬((t0.""State"" ""UNEQUAL"" t1.""State"") ^ (t0.""HospitalName"" ""EQUAL"" t1.""HospitalName""))']",0.6666666666666666,0.9111111111111111,0.0,0.666911111111111
139,245,"['¬((t0.""ProviderNumber"" ""LESS"" t1.""ProviderNumber"" ^ (t0.""HospitalName"" ""EQUAL"" t1.""HospitalName"") ^ (t0.""PhoneNumber"" ""GREATER_EQUAL"" t1.""PhoneNumber""))']",0.5,0.6666666666666667,0.0,0.5001666666666666
140,247,"['¬((t0.""HospitalOwner"" ""EQUAL"" t1.""HospitalOwner"" ^ (t0.""PhoneNumber"" ""LESS_EQUAL"" t1.""PhoneNumber"") ^ (t0.""City"" ""EQUAL"" t1.""City"") ^ (t0.""HospitalType"" ""UNEQUAL"" t1.""HospitalType""))']",0.4444444444444444,0.5027777777777779,0.0,0.44450277777777775
141,248,"['¬((t0.""CountyName"" ""EQUAL"" t1.""CountyName"" ^ (t0.""ProviderNumber"" ""UNEQUAL"" t1.""ProviderNumber"") ^ (t0.""HospitalName"" ""EQUAL"" t1.""HospitalName""))']",0.5714285714285714,0.674074074074074,0.0,0.5715312169312169
142,249,"['¬((t0.""HospitalOwner"" ""EQUAL"" t1.""HospitalOwner"" ^ (t0.""City"" ""EQUAL"" t1.""City"") ^ (t0.""Sample"" ""EQUAL"" t1.""Sample"") ^ (t0.""HospitalName"" ""UNEQUAL"" t1.""HospitalName""))']",0.5,0.5333333333333332,0.0,0.5000333333333333
143,251,"['¬((t0.""ZIPCode"" ""EQUAL"" t1.""ZIPCode"" ^ (t0.""HospitalType"" ""UNEQUAL"" t1.""HospitalType"") ^ (t0.""Sample"" ""EQUAL"" t1.""Sample"") ^ (t0.""Condition"" ""EQUAL"" t1.""Condition""))']",0.5,0.39999999999999997,0.0,0.4999
144,254,"['¬((t0.""ZIPCode"" ""EQUAL"" t1.""ZIPCode"" ^ (t0.""Sample"" ""EQUAL"" t1.""Sample"") ^ (t0.""ProviderNumber"" ""LESS_EQUAL"" t1.""ProviderNumber"") ^ (t0.""EmergencyService"" ""UNEQUAL"" t1.""EmergencyService""))']",0.4444444444444444,0.46944444444444444,0.0,0.4444694444444444
145,255,"['¬((t0.""HospitalOwner"" ""EQUAL"" t1.""HospitalOwner"" ^ (t0.""ProviderNumber"" ""UNEQUAL"" t1.""ProviderNumber"") ^ (t0.""PhoneNumber"" ""EQUAL"" t1.""PhoneNumber""))']",0.5714285714285714,0.7037037037037036,0.0,0.5715608465608465
146,256,"['¬((t0.""ZIPCode"" ""EQUAL"" t1.""ZIPCode"" ^ (t0.""PhoneNumber"" ""UNEQUAL"" t1.""PhoneNumber"") ^ (t0.""HospitalType"" ""EQUAL"" t1.""HospitalType"") ^ (t0.""Sample"" ""EQUAL"" t1.""Sample""))']",0.5,0.6611111111111112,0.0,0.5001611111111111
147,257,"['¬((t0.""PhoneNumber"" ""UNEQUAL"" t1.""PhoneNumber"" ^ (t0.""ZIPCode"" ""LESS_EQUAL"" t1.""ZIPCode"") ^ (t0.""HospitalName"" ""EQUAL"" t1.""HospitalName"") ^ (t0.""ProviderNumber"" ""LESS_EQUAL"" t1.""ProviderNumber""))']",0.4444444444444444,0.7527777777777778,0.0,0.4447527777777777
148,260,"['¬((t0.""PhoneNumber"" ""EQUAL"" t1.""PhoneNumber"") ^ (t0.""ZIPCode"" ""UNEQUAL"" t1.""ZIPCode""))']",0.6666666666666666,0.9888888888888889,0.0,0.6669888888888889
149,264,"['¬((t0.""ZIPCode"" ""UNEQUAL"" t1.""ZIPCode"" ^ (t0.""HospitalName"" ""EQUAL"" t1.""HospitalName"") ^ (t0.""ProviderNumber"" ""LESS_EQUAL"" t1.""ProviderNumber"") ^ (t0.""Condition"" ""EQUAL"" t1.""Condition""))']",0.4444444444444444,0.6694444444444444,0.0,0.4446694444444444
150,266,"['¬((t0.""City"" ""EQUAL"" t1.""City"" ^ (t0.""ProviderNumber"" ""LESS"" t1.""ProviderNumber"") ^ (t0.""Sample"" ""EQUAL"" t1.""Sample"") ^ (t0.""EmergencyService"" ""EQUAL"" t1.""EmergencyService""))']",0.5,0.5416666666666667,0.0,0.5000416666666667
151,267,"['¬((t0.""PhoneNumber"" ""LESS"" t1.""PhoneNumber"" ^ (t0.""ZIPCode"" ""EQUAL"" t1.""ZIPCode"") ^ (t0.""MeasureName"" ""EQUAL"" t1.""MeasureName"") ^ (t0.""EmergencyService"" ""UNEQUAL"" t1.""EmergencyService""))']",0.4444444444444444,0.475,0.0,0.44447499999999995
152,268,"['¬((t0.""ZIPCode"" ""EQUAL"" t1.""ZIPCode"") ^ (t0.""City"" ""UNEQUAL"" t1.""City""))']",0.6666666666666666,1.0,0.0,0.6669999999999999
153,269,"['¬((t0.""ZIPCode"" ""EQUAL"" t1.""ZIPCode"" ^ (t0.""Sample"" ""EQUAL"" t1.""Sample"") ^ (t0.""HospitalOwner"" ""UNEQUAL"" t1.""HospitalOwner"") ^ (t0.""EmergencyService"" ""EQUAL"" t1.""EmergencyService""))']",0.5,0.6388888888888891,0.0,0.5001388888888889
154,270,"['¬((t0.""HospitalOwner"" ""EQUAL"" t1.""HospitalOwner"" ^ (t0.""City"" ""EQUAL"" t1.""City"") ^ (t0.""HospitalType"" ""UNEQUAL"" t1.""HospitalType"") ^ (t0.""Condition"" ""EQUAL"" t1.""Condition""))']",0.5,0.42777777777777776,0.0,0.4999277777777778
155,271,"['¬((t0.""PhoneNumber"" ""LESS"" t1.""PhoneNumber"" ^ (t0.""ProviderNumber"" ""GREATER_EQUAL"" t1.""ProviderNumber"") ^ (t0.""HospitalName"" ""EQUAL"" t1.""HospitalName""))']",0.5,0.6666666666666667,0.0,0.5001666666666666
156,272,"['¬((t0.""HospitalOwner"" ""EQUAL"" t1.""HospitalOwner"" ^ (t0.""CountyName"" ""EQUAL"" t1.""CountyName"") ^ (t0.""StateAvg"" ""EQUAL"" t1.""StateAvg"") ^ (t0.""EmergencyService"" ""UNEQUAL"" t1.""EmergencyService""))']",0.5,0.37777777777777777,0.0,0.49987777777777775
157,273,"['¬((t0.""HospitalOwner"" ""EQUAL"" t1.""HospitalOwner"" ^ (t0.""CountyName"" ""EQUAL"" t1.""CountyName"") ^ (t0.""HospitalType"" ""UNEQUAL"" t1.""HospitalType"") ^ (t0.""EmergencyService"" ""UNEQUAL"" t1.""EmergencyService""))']",0.5,0.4666666666666667,0.0,0.49996666666666667
158,276,"['¬((t0.""City"" ""EQUAL"" t1.""City"" ^ (t0.""HospitalType"" ""UNEQUAL"" t1.""HospitalType"") ^ (t0.""Sample"" ""EQUAL"" t1.""Sample"") ^ (t0.""ProviderNumber"" ""LESS_EQUAL"" t1.""ProviderNumber""))']",0.4444444444444444,0.475,0.0,0.44447499999999995
159,277,"['¬((t0.""HospitalName"" ""EQUAL"" t1.""HospitalName"" ^ (t0.""ProviderNumber"" ""LESS_EQUAL"" t1.""ProviderNumber"") ^ (t0.""ZIPCode"" ""LESS"" t1.""ZIPCode""))']",0.5,0.6629629629629629,0.0,0.5001629629629629
160,278,"['¬((t0.""ProviderNumber"" ""LESS"" t1.""ProviderNumber"" ^ (t0.""ZIPCode"" ""LESS_EQUAL"" t1.""ZIPCode"") ^ (t0.""HospitalName"" ""EQUAL"" t1.""HospitalName""))']",0.5,0.6703703703703703,0.0,0.5001703703703704
161,280,"['¬((t0.""ZIPCode"" ""EQUAL"" t1.""ZIPCode"" ^ (t0.""HospitalOwner"" ""EQUAL"" t1.""HospitalOwner"") ^ (t0.""PhoneNumber"" ""UNEQUAL"" t1.""PhoneNumber""))']",0.5714285714285714,0.711111111111111,0.0,0.571568253968254
162,282,"['¬((t0.""City"" ""EQUAL"" t1.""City"" ^ (t0.""State"" ""UNEQUAL"" t1.""State"") ^ (t0.""HospitalType"" ""UNEQUAL"" t1.""HospitalType""))']",0.5714285714285714,0.7407407407407408,0.0,0.5715978835978835
163,283,"['¬((t0.""HospitalOwner"" ""EQUAL"" t1.""HospitalOwner"" ^ (t0.""City"" ""EQUAL"" t1.""City"") ^ (t0.""HospitalType"" ""UNEQUAL"" t1.""HospitalType"") ^ (t0.""MeasureCode"" ""EQUAL"" t1.""MeasureCode""))']",0.5,0.38333333333333336,0.0,0.49988333333333335
164,286,"['¬((t0.""City"" ""EQUAL"" t1.""City"" ^ (t0.""Sample"" ""EQUAL"" t1.""Sample"") ^ (t0.""ZIPCode"" ""UNEQUAL"" t1.""ZIPCode"") ^ (t0.""Condition"" ""UNEQUAL"" t1.""Condition""))']",0.5,0.7000000000000001,0.0,0.5002
165,290,"['¬((t0.""HospitalOwner"" ""EQUAL"" t1.""HospitalOwner"" ^ (t0.""MeasureName"" ""EQUAL"" t1.""MeasureName"") ^ (t0.""StateAvg"" ""UNEQUAL"" t1.""StateAvg"") ^ (t0.""CountyName"" ""EQUAL"" t1.""CountyName""))']",0.5,0.5333333333333332,0.0,0.5000333333333333
166,292,"['¬((t0.""ZIPCode"" ""GREATER"" t1.""ZIPCode"" ^ (t0.""City"" ""EQUAL"" t1.""City"") ^ (t0.""HospitalType"" ""UNEQUAL"" t1.""HospitalType"") ^ (t0.""MeasureCode"" ""EQUAL"" t1.""MeasureCode""))']",0.4444444444444444,0.47777777777777775,0.0,0.44447777777777775
167,293,"['¬((t0.""ZIPCode"" ""EQUAL"" t1.""ZIPCode"" ^ (t0.""MeasureCode"" ""EQUAL"" t1.""MeasureCode"") ^ (t0.""Sample"" ""EQUAL"" t1.""Sample""))']",0.6666666666666666,0.3481481481481481,0.0,0.666348148148148
168,294,"['¬((t0.""HospitalOwner"" ""EQUAL"" t1.""HospitalOwner"" ^ (t0.""CountyName"" ""EQUAL"" t1.""CountyName"") ^ (t0.""StateAvg"" ""EQUAL"" t1.""StateAvg"") ^ (t0.""Sample"" ""EQUAL"" t1.""Sample""))']",0.5714285714285714,0.2888888888888889,0.0,0.5711460317460317
169,296,"['¬((t0.""CountyName"" ""EQUAL"" t1.""CountyName"" ^ (t0.""State"" ""UNEQUAL"" t1.""State"") ^ (t0.""MeasureCode"" ""EQUAL"" t1.""MeasureCode"") ^ (t0.""EmergencyService"" ""UNEQUAL"" t1.""EmergencyService""))']",0.5,0.5555555555555555,0.0,0.5000555555555556
170,298,"['¬((t0.""State"" ""UNEQUAL"" t1.""State"") ^ (t0.""PhoneNumber"" ""EQUAL"" t1.""PhoneNumber""))']",0.6666666666666666,0.9111111111111111,0.0,0.666911111111111
171,299,"['¬((t0.""ZIPCode"" ""EQUAL"" t1.""ZIPCode"" ^ (t0.""HospitalType"" ""EQUAL"" t1.""HospitalType"") ^ (t0.""EmergencyService"" ""UNEQUAL"" t1.""EmergencyService"") ^ (t0.""Condition"" ""EQUAL"" t1.""Condition""))']",0.5,0.55,0.0,0.50005
172,300,"['¬((t0.""ZIPCode"" ""EQUAL"" t1.""ZIPCode"" ^ (t0.""HospitalType"" ""EQUAL"" t1.""HospitalType"") ^ (t0.""StateAvg"" ""EQUAL"" t1.""StateAvg"") ^ (t0.""EmergencyService"" ""UNEQUAL"" t1.""EmergencyService""))']",0.5,0.5055555555555555,0.0,0.5000055555555556
173,301,"['¬((t0.""ZIPCode"" ""EQUAL"" t1.""ZIPCode"" ^ (t0.""StateAvg"" ""EQUAL"" t1.""StateAvg"") ^ (t0.""HospitalType"" ""UNEQUAL"" t1.""HospitalType"") ^ (t0.""EmergencyService"" ""EQUAL"" t1.""EmergencyService""))']",0.5,0.5166666666666666,0.0,0.5000166666666667
174,303,"['¬((t0.""MeasureName"" ""EQUAL"" t1.""MeasureName"") ^ (t0.""HospitalName"" ""EQUAL"" t1.""HospitalName""))']",0.8,0.5111111111111111,0.0,0.7997111111111112
175,305,"['¬((t0.""PhoneNumber"" ""LESS_EQUAL"" t1.""PhoneNumber"" ^ (t0.""HospitalName"" ""EQUAL"" t1.""HospitalName"") ^ (t0.""ZIPCode"" ""LESS"" t1.""ZIPCode""))']",0.5,0.6629629629629629,0.0,0.5001629629629629
176,306,"['¬((t0.""StateAvg"" ""EQUAL"" t1.""StateAvg"") ^ (t0.""Condition"" ""UNEQUAL"" t1.""Condition""))']",0.6666666666666666,0.9111111111111112,0.0,0.666911111111111
177,309,"['¬((t0.""HospitalType"" ""EQUAL"" t1.""HospitalType"" ^ (t0.""StateAvg"" ""UNEQUAL"" t1.""StateAvg"") ^ (t0.""CountyName"" ""EQUAL"" t1.""CountyName"") ^ (t0.""MeasureCode"" ""EQUAL"" t1.""MeasureCode""))']",0.5,0.6611111111111112,0.0,0.5001611111111111
178,310,"['¬((t0.""MeasureName"" ""EQUAL"" t1.""MeasureName"" ^ (t0.""CountyName"" ""EQUAL"" t1.""CountyName"") ^ (t0.""HospitalType"" ""UNEQUAL"" t1.""HospitalType"") ^ (t0.""Sample"" ""EQUAL"" t1.""Sample""))']",0.5,0.35555555555555557,0.0,0.49985555555555555
179,312,"['¬((t0.""CountyName"" ""EQUAL"" t1.""CountyName"" ^ (t0.""State"" ""UNEQUAL"" t1.""State"") ^ (t0.""MeasureCode"" ""EQUAL"" t1.""MeasureCode"") ^ (t0.""Sample"" ""EQUAL"" t1.""Sample""))']",0.5,0.4666666666666667,0.0,0.49996666666666667
180,313,"['¬((t0.""City"" ""EQUAL"" t1.""City"" ^ (t0.""Sample"" ""EQUAL"" t1.""Sample"") ^ (t0.""ZIPCode"" ""LESS"" t1.""ZIPCode""))']",0.5714285714285714,0.5037037037037037,0.0,0.5713608465608465
181,314,"['¬((t0.""PhoneNumber"" ""LESS"" t1.""PhoneNumber"" ^ (t0.""ZIPCode"" ""EQUAL"" t1.""ZIPCode"") ^ (t0.""Sample"" ""EQUAL"" t1.""Sample""))']",0.5714285714285714,0.5074074074074074,0.0,0.5713645502645502
182,315,"['¬((t0.""ProviderNumber"" ""EQUAL"" t1.""ProviderNumber"") ^ (t0.""CountyName"" ""UNEQUAL"" t1.""CountyName""))']",0.6666666666666666,0.9888888888888889,0.0,0.6669888888888889
183,316,"['¬((t0.""CountyName"" ""UNEQUAL"" t1.""CountyName"" ^ (t0.""PhoneNumber"" ""LESS_EQUAL"" t1.""PhoneNumber"") ^ (t0.""ZIPCode"" ""LESS_EQUAL"" t1.""ZIPCode"") ^ (t0.""HospitalName"" ""EQUAL"" t1.""HospitalName""))']",0.4444444444444444,0.7472222222222223,0.0,0.4447472222222222
184,320,"['¬((t0.""MeasureName"" ""EQUAL"" t1.""MeasureName"" ^ (t0.""CountyName"" ""UNEQUAL"" t1.""CountyName"") ^ (t0.""City"" ""EQUAL"" t1.""City""))']",0.5714285714285714,0.674074074074074,0.0,0.5715312169312169
185,321,"['¬((t0.""HospitalType"" ""UNEQUAL"" t1.""HospitalType"") ^ (t0.""HospitalName"" ""EQUAL"" t1.""HospitalName""))']",0.6666666666666666,0.6888888888888888,0.0,0.6666888888888888
186,322,"['¬((t0.""HospitalOwner"" ""EQUAL"" t1.""HospitalOwner"" ^ (t0.""MeasureName"" ""EQUAL"" t1.""MeasureName"") ^ (t0.""City"" ""EQUAL"" t1.""City"") ^ (t0.""HospitalType"" ""UNEQUAL"" t1.""HospitalType""))']",0.5,0.38333333333333336,0.0,0.49988333333333335
187,324,"['¬((t0.""City"" ""UNEQUAL"" t1.""City"" ^ (t0.""Sample"" ""EQUAL"" t1.""Sample"") ^ (t0.""HospitalName"" ""EQUAL"" t1.""HospitalName""))']",0.5714285714285714,0.6592592592592592,0.0,0.5715164021164021
188,325,"['¬((t0.""City"" ""EQUAL"" t1.""City"" ^ (t0.""MeasureCode"" ""EQUAL"" t1.""MeasureCode"") ^ (t0.""Sample"" ""EQUAL"" t1.""Sample""))']",0.6666666666666666,0.3481481481481481,0.0,0.666348148148148
189,326,"['¬((t0.""HospitalOwner"" ""EQUAL"" t1.""HospitalOwner"" ^ (t0.""City"" ""EQUAL"" t1.""City"") ^ (t0.""HospitalType"" ""UNEQUAL"" t1.""HospitalType"") ^ (t0.""Sample"" ""EQUAL"" t1.""Sample""))']",0.5,0.37777777777777777,0.0,0.49987777777777775
190,327,"['¬((t0.""ProviderNumber"" ""EQUAL"" t1.""ProviderNumber"") ^ (t0.""HospitalType"" ""UNEQUAL"" t1.""HospitalType""))']",0.6666666666666666,0.6888888888888888,0.0,0.6666888888888888
191,329,"['¬((t0.""HospitalName"" ""EQUAL"" t1.""HospitalName"") ^ (t0.""EmergencyService"" ""UNEQUAL"" t1.""EmergencyService""))']",0.6666666666666666,0.6777777777777777,0.0,0.6666777777777777
192,330,"['¬((t0.""HospitalOwner"" ""EQUAL"" t1.""HospitalOwner"" ^ (t0.""MeasureName"" ""EQUAL"" t1.""MeasureName"") ^ (t0.""City"" ""EQUAL"" t1.""City"") ^ (t0.""EmergencyService"" ""UNEQUAL"" t1.""EmergencyService""))']",0.5,0.37777777777777777,0.0,0.49987777777777775
193,332,"['¬((t0.""StateAvg"" ""EQUAL"" t1.""StateAvg"") ^ (t0.""PhoneNumber"" ""EQUAL"" t1.""PhoneNumber""))']",0.8,0.5111111111111111,0.0,0.7997111111111112
194,334,"['¬((t0.""HospitalOwner"" ""EQUAL"" t1.""HospitalOwner"" ^ (t0.""City"" ""EQUAL"" t1.""City"") ^ (t0.""Sample"" ""EQUAL"" t1.""Sample"") ^ (t0.""EmergencyService"" ""UNEQUAL"" t1.""EmergencyService""))']",0.5,0.37222222222222223,0.0,0.4998722222222222
195,335,"['¬((t0.""HospitalOwner"" ""EQUAL"" t1.""HospitalOwner"" ^ (t0.""PhoneNumber"" ""LESS_EQUAL"" t1.""PhoneNumber"") ^ (t0.""City"" ""EQUAL"" t1.""City"") ^ (t0.""MeasureCode"" ""EQUAL"" t1.""MeasureCode""))']",0.5,0.4138888888888889,0.0,0.4999138888888889
196,336,"['¬((t0.""MeasureCode"" ""EQUAL"" t1.""MeasureCode"") ^ (t0.""Condition"" ""UNEQUAL"" t1.""Condition""))']",0.6666666666666666,0.9111111111111112,0.0,0.666911111111111
197,337,"['¬((t0.""PhoneNumber"" ""LESS_EQUAL"" t1.""PhoneNumber"" ^ (t0.""ProviderNumber"" ""UNEQUAL"" t1.""ProviderNumber"") ^ (t0.""HospitalName"" ""EQUAL"" t1.""HospitalName"") ^ (t0.""Condition"" ""EQUAL"" t1.""Condition""))']",0.4444444444444444,0.675,0.0,0.44467499999999993
198,338,"['¬((t0.""ZIPCode"" ""EQUAL"" t1.""ZIPCode"") ^ (t0.""State"" ""UNEQUAL"" t1.""State""))']",0.6666666666666666,0.9222222222222223,0.0,0.6669222222222222
199,341,"['¬((t0.""MeasureName"" ""EQUAL"" t1.""MeasureName"" ^ (t0.""StateAvg"" ""UNEQUAL"" t1.""StateAvg"") ^ (t0.""City"" ""EQUAL"" t1.""City""))']",0.5714285714285714,0.674074074074074,0.0,0.5715312169312169
200,346,"['¬((t0.""HospitalOwner"" ""EQUAL"" t1.""HospitalOwner"" ^ (t0.""City"" ""EQUAL"" t1.""City"") ^ (t0.""HospitalType"" ""UNEQUAL"" t1.""HospitalType"") ^ (t0.""EmergencyService"" ""UNEQUAL"" t1.""EmergencyService""))']",0.5,0.4666666666666667,0.0,0.49996666666666667
201,348,"['¬((t0.""PhoneNumber"" ""LESS_EQUAL"" t1.""PhoneNumber"" ^ (t0.""City"" ""EQUAL"" t1.""City"") ^ (t0.""ZIPCode"" ""GREATER_EQUAL"" t1.""ZIPCode"") ^ (t0.""State"" ""UNEQUAL"" t1.""State""))']",0.4,0.7138888888888888,0.0,0.4003138888888889
202,351,"['¬((t0.""PhoneNumber"" ""EQUAL"" t1.""PhoneNumber"") ^ (t0.""MeasureCode"" ""EQUAL"" t1.""MeasureCode""))']",0.8,0.5111111111111111,0.0,0.7997111111111112
203,352,"['¬((t0.""HospitalOwner"" ""EQUAL"" t1.""HospitalOwner"" ^ (t0.""PhoneNumber"" ""UNEQUAL"" t1.""PhoneNumber"") ^ (t0.""City"" ""EQUAL"" t1.""City"") ^ (t0.""Sample"" ""EQUAL"" t1.""Sample""))']",0.5,0.5333333333333332,0.0,0.5000333333333333
204,353,"['¬((t0.""HospitalType"" ""EQUAL"" t1.""HospitalType"" ^ (t0.""City"" ""EQUAL"" t1.""City"") ^ (t0.""Sample"" ""EQUAL"" t1.""Sample"") ^ (t0.""EmergencyService"" ""UNEQUAL"" t1.""EmergencyService""))']",0.5,0.5,0.0,0.5
205,354,"['¬((t0.""City"" ""EQUAL"" t1.""City"" ^ (t0.""HospitalType"" ""UNEQUAL"" t1.""HospitalType"") ^ (t0.""Sample"" ""EQUAL"" t1.""Sample"") ^ (t0.""EmergencyService"" ""EQUAL"" t1.""EmergencyService""))']",0.5,0.5111111111111111,0.0,0.5000111111111111
206,357,"['¬((t0.""City"" ""EQUAL"" t1.""City"" ^ (t0.""ProviderNumber"" ""UNEQUAL"" t1.""ProviderNumber"") ^ (t0.""HospitalName"" ""EQUAL"" t1.""HospitalName""))']",0.5714285714285714,0.674074074074074,0.0,0.5715312169312169
207,358,"['¬((t0.""City"" ""EQUAL"" t1.""City"" ^ (t0.""Sample"" ""EQUAL"" t1.""Sample"") ^ (t0.""ZIPCode"" ""UNEQUAL"" t1.""ZIPCode"") ^ (t0.""ProviderNumber"" ""LESS_EQUAL"" t1.""ProviderNumber""))']",0.4444444444444444,0.625,0.0,0.44462499999999994
208,359,"['¬((t0.""ProviderNumber"" ""EQUAL"" t1.""ProviderNumber"") ^ (t0.""MeasureName"" ""EQUAL"" t1.""MeasureName""))']",0.8,0.5111111111111111,0.0,0.7997111111111112
209,366,"['¬((t0.""ProviderNumber"" ""EQUAL"" t1.""ProviderNumber"") ^ (t0.""StateAvg"" ""EQUAL"" t1.""StateAvg""))']",0.8,0.5111111111111111,0.0,0.7997111111111112
210,371,"['¬((t0.""ProviderNumber"" ""UNEQUAL"" t1.""ProviderNumber"" ^ (t0.""PhoneNumber"" ""EQUAL"" t1.""PhoneNumber"") ^ (t0.""HospitalName"" ""EQUAL"" t1.""HospitalName""))']",0.5714285714285714,0.6666666666666667,0.0,0.5715238095238095
211,373,"['¬((t0.""StateAvg"" ""UNEQUAL"" t1.""StateAvg"" ^ (t0.""City"" ""EQUAL"" t1.""City"") ^ (t0.""MeasureCode"" ""EQUAL"" t1.""MeasureCode""))']",0.5714285714285714,0.674074074074074,0.0,0.5715312169312169
212,375,"['¬((t0.""PhoneNumber"" ""LESS"" t1.""PhoneNumber"" ^ (t0.""ZIPCode"" ""EQUAL"" t1.""ZIPCode"") ^ (t0.""StateAvg"" ""EQUAL"" t1.""StateAvg"") ^ (t0.""EmergencyService"" ""UNEQUAL"" t1.""EmergencyService""))']",0.4444444444444444,0.475,0.0,0.44447499999999995
213,381,"['¬((t0.""PhoneNumber"" ""LESS"" t1.""PhoneNumber"" ^ (t0.""ZIPCode"" ""EQUAL"" t1.""ZIPCode"") ^ (t0.""MeasureName"" ""EQUAL"" t1.""MeasureName"") ^ (t0.""HospitalType"" ""UNEQUAL"" t1.""HospitalType""))']",0.4444444444444444,0.4805555555555555,0.0,0.4444805555555555
214,383,"['¬((t0.""MeasureName"" ""EQUAL"" t1.""MeasureName"" ^ (t0.""City"" ""EQUAL"" t1.""City"") ^ (t0.""Sample"" ""EQUAL"" t1.""Sample""))']",0.6666666666666666,0.3481481481481481,0.0,0.666348148148148
215,385,"['¬((t0.""ZIPCode"" ""EQUAL"" t1.""ZIPCode"" ^ (t0.""StateAvg"" ""EQUAL"" t1.""StateAvg"") ^ (t0.""HospitalType"" ""UNEQUAL"" t1.""HospitalType"") ^ (t0.""ProviderNumber"" ""LESS_EQUAL"" t1.""ProviderNumber""))']",0.4444444444444444,0.4805555555555555,0.0,0.4444805555555555
216,386,"['¬((t0.""ProviderNumber"" ""UNEQUAL"" t1.""ProviderNumber"" ^ (t0.""PhoneNumber"" ""EQUAL"" t1.""PhoneNumber"") ^ (t0.""Sample"" ""EQUAL"" t1.""Sample""))']",0.5714285714285714,0.6666666666666667,0.0,0.5715238095238095
217,388,"['¬((t0.""ZIPCode"" ""EQUAL"" t1.""ZIPCode"" ^ (t0.""StateAvg"" ""EQUAL"" t1.""StateAvg"") ^ (t0.""ProviderNumber"" ""LESS_EQUAL"" t1.""ProviderNumber"") ^ (t0.""EmergencyService"" ""UNEQUAL"" t1.""EmergencyService""))']",0.4444444444444444,0.475,0.0,0.44447499999999995
218,389,"['¬((t0.""ZIPCode"" ""EQUAL"" t1.""ZIPCode"" ^ (t0.""HospitalType"" ""EQUAL"" t1.""HospitalType"") ^ (t0.""MeasureCode"" ""EQUAL"" t1.""MeasureCode"") ^ (t0.""EmergencyService"" ""UNEQUAL"" t1.""EmergencyService""))']",0.5,0.5055555555555555,0.0,0.5000055555555556
219,390,"['¬((t0.""ZIPCode"" ""EQUAL"" t1.""ZIPCode"" ^ (t0.""HospitalType"" ""UNEQUAL"" t1.""HospitalType"") ^ (t0.""MeasureCode"" ""EQUAL"" t1.""MeasureCode"") ^ (t0.""EmergencyService"" ""EQUAL"" t1.""EmergencyService""))']",0.5,0.5166666666666666,0.0,0.5000166666666667
220,399,"['¬((t0.""City"" ""EQUAL"" t1.""City"" ^ (t0.""State"" ""UNEQUAL"" t1.""State"") ^ (t0.""EmergencyService"" ""UNEQUAL"" t1.""EmergencyService""))']",0.5714285714285714,0.7333333333333334,0.0,0.5715904761904762
221,400,"['¬((t0.""ZIPCode"" ""EQUAL"" t1.""ZIPCode"" ^ (t0.""HospitalType"" ""EQUAL"" t1.""HospitalType"") ^ (t0.""ProviderNumber"" ""UNEQUAL"" t1.""ProviderNumber"") ^ (t0.""Sample"" ""EQUAL"" t1.""Sample""))']",0.5,0.6611111111111112,0.0,0.5001611111111111
222,401,"['¬((t0.""ZIPCode"" ""EQUAL"" t1.""ZIPCode"" ^ (t0.""ProviderNumber"" ""LESS"" t1.""ProviderNumber"") ^ (t0.""Sample"" ""EQUAL"" t1.""Sample""))']",0.5714285714285714,0.5074074074074074,0.0,0.5713645502645502
223,403,"['¬((t0.""City"" ""EQUAL"" t1.""City"" ^ (t0.""StateAvg"" ""EQUAL"" t1.""StateAvg"") ^ (t0.""Sample"" ""EQUAL"" t1.""Sample""))']",0.6666666666666666,0.3481481481481481,0.0,0.666348148148148
224,404,"['¬((t0.""HospitalOwner"" ""EQUAL"" t1.""HospitalOwner"" ^ (t0.""ZIPCode"" ""GREATER"" t1.""ZIPCode"") ^ (t0.""MeasureName"" ""EQUAL"" t1.""MeasureName"") ^ (t0.""City"" ""EQUAL"" t1.""City""))']",0.5,0.41111111111111115,0.0,0.4999111111111111
225,406,"['¬((t0.""ZIPCode"" ""EQUAL"" t1.""ZIPCode"" ^ (t0.""ProviderNumber"" ""UNEQUAL"" t1.""ProviderNumber"") ^ (t0.""Sample"" ""EQUAL"" t1.""Sample"") ^ (t0.""EmergencyService"" ""EQUAL"" t1.""EmergencyService""))']",0.5,0.6666666666666667,0.0,0.5001666666666666
226,410,"['¬((t0.""PhoneNumber"" ""LESS_EQUAL"" t1.""PhoneNumber"" ^ (t0.""ZIPCode"" ""UNEQUAL"" t1.""ZIPCode"") ^ (t0.""HospitalName"" ""EQUAL"" t1.""HospitalName"") ^ (t0.""Condition"" ""EQUAL"" t1.""Condition""))']",0.4444444444444444,0.6694444444444445,0.0,0.4446694444444444
227,412,"['¬((t0.""ZIPCode"" ""EQUAL"" t1.""ZIPCode"" ^ (t0.""MeasureName"" ""EQUAL"" t1.""MeasureName"") ^ (t0.""ProviderNumber"" ""LESS_EQUAL"" t1.""ProviderNumber"") ^ (t0.""EmergencyService"" ""UNEQUAL"" t1.""EmergencyService""))']",0.4444444444444444,0.475,0.0,0.44447499999999995
228,414,"['¬((t0.""PhoneNumber"" ""LESS"" t1.""PhoneNumber"" ^ (t0.""City"" ""EQUAL"" t1.""City"") ^ (t0.""Sample"" ""EQUAL"" t1.""Sample"") ^ (t0.""Condition"" ""EQUAL"" t1.""Condition""))']",0.5,0.4305555555555555,0.0,0.49993055555555554
229,418,"['¬((t0.""PhoneNumber"" ""UNEQUAL"" t1.""PhoneNumber"") ^ (t0.""ProviderNumber"" ""EQUAL"" t1.""ProviderNumber""))']",0.6666666666666666,1.0,0.0,0.6669999999999999
230,421,"['¬((t0.""ProviderNumber"" ""EQUAL"" t1.""ProviderNumber"") ^ (t0.""State"" ""UNEQUAL"" t1.""State""))']",0.6666666666666666,0.9111111111111111,0.0,0.666911111111111
231,426,"['¬((t0.""ProviderNumber"" ""EQUAL"" t1.""ProviderNumber"") ^ (t0.""City"" ""UNEQUAL"" t1.""City""))']",0.6666666666666666,0.9888888888888889,0.0,0.6669888888888889
232,427,"['¬((t0.""ProviderNumber"" ""EQUAL"" t1.""ProviderNumber"") ^ (t0.""EmergencyService"" ""UNEQUAL"" t1.""EmergencyService""))']",0.6666666666666666,0.6777777777777777,0.0,0.6666777777777777
233,428,"['¬((t0.""MeasureName"" ""EQUAL"" t1.""MeasureName"" ^ (t0.""City"" ""EQUAL"" t1.""City"") ^ (t0.""State"" ""UNEQUAL"" t1.""State""))']",0.5714285714285714,0.6222222222222223,0.0,0.571479365079365
234,430,"['¬((t0.""ZIPCode"" ""EQUAL"" t1.""ZIPCode"" ^ (t0.""PhoneNumber"" ""UNEQUAL"" t1.""PhoneNumber"") ^ (t0.""HospitalName"" ""EQUAL"" t1.""HospitalName""))']",0.5714285714285714,0.674074074074074,0.0,0.5715312169312169
235,431,"['¬((t0.""ZIPCode"" ""GREATER"" t1.""ZIPCode"" ^ (t0.""City"" ""EQUAL"" t1.""City"") ^ (t0.""StateAvg"" ""EQUAL"" t1.""StateAvg"") ^ (t0.""HospitalType"" ""UNEQUAL"" t1.""HospitalType""))']",0.4444444444444444,0.47777777777777775,0.0,0.44447777777777775
236,433,"['¬((t0.""City"" ""EQUAL"" t1.""City"" ^ (t0.""Sample"" ""EQUAL"" t1.""Sample"") ^ (t0.""ZIPCode"" ""UNEQUAL"" t1.""ZIPCode"") ^ (t0.""Condition"" ""EQUAL"" t1.""Condition""))']",0.5,0.5499999999999999,0.0,0.50005
237,434,"['¬((t0.""ZIPCode"" ""EQUAL"" t1.""ZIPCode"" ^ (t0.""Sample"" ""EQUAL"" t1.""Sample"") ^ (t0.""EmergencyService"" ""UNEQUAL"" t1.""EmergencyService"") ^ (t0.""Condition"" ""EQUAL"" t1.""Condition""))']",0.5,0.39444444444444443,0.0,0.4998944444444444
238,438,"['¬((t0.""CountyName"" ""UNEQUAL"" t1.""CountyName"" ^ (t0.""City"" ""EQUAL"" t1.""City"") ^ (t0.""HospitalType"" ""UNEQUAL"" t1.""HospitalType""))']",0.5714285714285714,0.7925925925925925,0.0,0.5716497354497354
239,439,"['¬((t0.""PhoneNumber"" ""LESS"" t1.""PhoneNumber"" ^ (t0.""ZIPCode"" ""EQUAL"" t1.""ZIPCode"") ^ (t0.""StateAvg"" ""EQUAL"" t1.""StateAvg"") ^ (t0.""HospitalType"" ""UNEQUAL"" t1.""HospitalType""))']",0.4444444444444444,0.4805555555555555,0.0,0.4444805555555555
240,441,"['¬((t0.""City"" ""EQUAL"" t1.""City"" ^ (t0.""ZIPCode"" ""GREATER_EQUAL"" t1.""ZIPCode"") ^ (t0.""State"" ""UNEQUAL"" t1.""State"") ^ (t0.""ProviderNumber"" ""LESS_EQUAL"" t1.""ProviderNumber""))']",0.4,0.713888888888889,0.0,0.4003138888888889
241,442,"['¬((t0.""ZIPCode"" ""GREATER"" t1.""ZIPCode"" ^ (t0.""MeasureName"" ""EQUAL"" t1.""MeasureName"") ^ (t0.""City"" ""EQUAL"" t1.""City"") ^ (t0.""HospitalType"" ""UNEQUAL"" t1.""HospitalType""))']",0.4444444444444444,0.47777777777777775,0.0,0.44447777777777775
242,443,"['¬((t0.""City"" ""EQUAL"" t1.""City"" ^ (t0.""State"" ""UNEQUAL"" t1.""State"") ^ (t0.""ProviderNumber"" ""LESS_EQUAL"" t1.""ProviderNumber"") ^ (t0.""PhoneNumber"" ""GREATER_EQUAL"" t1.""PhoneNumber""))']",0.4,0.711111111111111,0.0,0.4003111111111111
